{
	"id": "79c1dc06-0f7e-4bb2-8546-00e4b654c643",
	"name": "GitHub Test Example",
	"allTests": [],
	"timestamp": "2017-04-17T01:34:04.143Z",
	"collection_id": "fd993e45-216a-a4db-7c2a-bca452b3e60d",
	"folder_id": 0,
	"target_type": "collection",
	"environment_id": "73d2bbdd-b901-48e5-01e0-1abcf5df2840",
	"data": [],
	"delay": 0,
	"count": 1,
	"collection": {
		"id": "fd993e45-216a-a4db-7c2a-bca452b3e60d",
		"name": "GitHub Test Example",
		"description": "",
		"order": [
			"7ddb260d-1aee-b610-f7e2-5c191d3dc673",
			"126911c6-4165-4a59-515d-531f259d0642"
		],
		"folders": [
			{
				"id": "53a2a2f7-7746-3336-7eaf-cad93b1b7329",
				"name": "Delete Gist",
				"description": "Confirm you can delete a Gist",
				"write": true,
				"order": [
					"3156b690-160a-d69d-cd42-ee50540c4d82",
					"26f21fbb-7fbf-a2d5-5e81-ee2730d6e336",
					"20358209-8b98-b227-dacb-03364272d0b0",
					"9920070a-90ad-d524-40f2-953c68a74e0e",
					"f2345ce4-220d-0388-894b-f906a8430a25"
				],
				"collection": "fd993e45-216a-a4db-7c2a-bca452b3e60d",
				"owner": "1893549",
				"collection_id": "fd993e45-216a-a4db-7c2a-bca452b3e60d",
				"collectionId": "fd993e45-216a-a4db-7c2a-bca452b3e60d"
			},
			{
				"id": "7a4b2975-eb0a-90d4-74f2-c1a1dfd77f82",
				"name": "Gist Increase",
				"description": "",
				"write": true,
				"order": [
					"229e5de8-23db-7b88-bfdb-bc3a09770475",
					"8ce3c2a5-a89e-da71-56ec-93378506e10f",
					"26b35dcb-d3be-90cc-33a7-530d584bc207"
				],
				"collection": "fd993e45-216a-a4db-7c2a-bca452b3e60d",
				"owner": "1893549",
				"collection_id": "fd993e45-216a-a4db-7c2a-bca452b3e60d"
			},
			{
				"id": "cbb4249c-f11d-46fb-3bd1-1b0e27b5ef07",
				"name": "Patch",
				"description": "Confirm that you are able to edit the contents of a Gist",
				"write": true,
				"order": [
					"973c8619-361a-29a0-8f30-f1c8996421ee",
					"f8fce967-0719-ef96-8be5-abc30414c9a5"
				],
				"collection": "fd993e45-216a-a4db-7c2a-bca452b3e60d",
				"owner": "1893549",
				"collection_id": "fd993e45-216a-a4db-7c2a-bca452b3e60d"
			},
			{
				"id": "10cdb1f2-b216-b747-ef3a-6e7622f83d46",
				"name": "Starring",
				"description": "Testing star functionality",
				"write": true,
				"order": [
					"5e85313f-1da4-d3ac-7ae1-4c60970d7c87",
					"da6d296e-32de-481f-7a2e-940036a8ee66",
					"cd80e404-998d-ad54-6b3b-118d681e2786",
					"5d24f2ad-c6f6-2be9-9b56-8743efa64099"
				],
				"collection": "fd993e45-216a-a4db-7c2a-bca452b3e60d",
				"owner": "1893549",
				"collection_id": "fd993e45-216a-a4db-7c2a-bca452b3e60d",
				"collectionId": "fd993e45-216a-a4db-7c2a-bca452b3e60d"
			},
			{
				"id": "9d88171c-0da7-5a65-5fe2-3cb23c795bb7",
				"name": "verifyPost",
				"description": "",
				"write": true,
				"order": [
					"21d48322-5841-ec39-ed6b-9cb7ec47d336",
					"778e7555-6749-b2dd-b833-2abea340f8e3",
					"dcca2b25-5e32-e0ac-70c4-2a5b072a3c17"
				],
				"collection": "fd993e45-216a-a4db-7c2a-bca452b3e60d",
				"owner": "1893549",
				"collection_id": "fd993e45-216a-a4db-7c2a-bca452b3e60d",
				"collectionId": "fd993e45-216a-a4db-7c2a-bca452b3e60d"
			}
		],
		"timestamp": 1492183168152,
		"synced": false,
		"remote_id": 0,
		"owner": "1893549",
		"sharedWithTeam": false,
		"subscribed": false,
		"remoteLink": "",
		"remoteLinkUpdatedAt": null,
		"public": false,
		"createdAt": 1492183168152,
		"updatedAt": 1492387871227,
		"write": true,
		"published": false,
		"favorite": false,
		"permissions": {},
		"syncedPermissions": {}
	},
	"folder": null,
	"environment": null,
	"globals": [
		{
			"key": "gistN",
			"value": "30",
			"enabled": true,
			"type": "text"
		},
		{
			"key": "gistsN",
			"value": "22",
			"enabled": true,
			"type": "text"
		},
		{
			"key": "gists",
			"value": "30",
			"enabled": true,
			"type": "text"
		},
		{
			"key": "gid",
			"value": "d44c4dcde384465f3090e68dd82695a2",
			"enabled": true,
			"type": "text"
		},
		{
			"key": "dgists",
			"value": "30",
			"enabled": true,
			"type": "text"
		},
		{
			"key": "gidp",
			"value": "8aa4c512539b84c85c437745524bb3c6",
			"enabled": true,
			"type": "text"
		}
	],
	"results": [
		{
			"name": "Get Delete gists",
			"id": "3156b690-160a-d69d-cd42-ee50540c4d82",
			"url": "https://api.github.com/users/alaquitara/gists",
			"totalTime": 0,
			"responseCode": {
				"code": 200,
				"name": "OK",
				"detail": {
					"name": "OK",
					"detail": "Standard response for successful HTTP requests. The actual response will depend on the request method used. In a GET request, the response will contain an entity corresponding to the requested resource. In a POST request the response will contain an entity describing or containing the result of the action."
				}
			},
			"tests": {},
			"testPassFailCounts": {},
			"times": [
				"359"
			],
			"allTests": [
				{}
			],
			"time": "359",
			"totalRequestTime": "359",
			"iterationResults": {}
		},
		{
			"name": "Create Gist",
			"id": "26f21fbb-7fbf-a2d5-5e81-ee2730d6e336",
			"url": "https://api.github.com/gists",
			"totalTime": 0,
			"responseCode": {
				"code": 201,
				"name": "Created",
				"detail": {
					"name": "Created",
					"detail": "The request has been fulfilled and resulted in a new resource being created."
				}
			},
			"tests": {
				"Successful POST request": true
			},
			"testPassFailCounts": {
				"Successful POST request": {
					"pass": 1,
					"fail": 0
				}
			},
			"times": [
				"1060"
			],
			"allTests": [
				{
					"Successful POST request": true
				}
			],
			"time": "1060",
			"totalRequestTime": "1060",
			"iterationResults": {}
		},
		{
			"name": "Delete newId",
			"id": "20358209-8b98-b227-dacb-03364272d0b0",
			"url": "https://api.github.com/users/alaquitara/gists",
			"totalTime": 0,
			"responseCode": {
				"code": 200,
				"name": "OK",
				"detail": {
					"name": "OK",
					"detail": "Standard response for successful HTTP requests. The actual response will depend on the request method used. In a GET request, the response will contain an entity corresponding to the requested resource. In a POST request the response will contain an entity describing or containing the result of the action."
				}
			},
			"tests": {},
			"testPassFailCounts": {},
			"times": [
				"192"
			],
			"allTests": [
				{}
			],
			"time": "192",
			"totalRequestTime": "192",
			"iterationResults": {}
		},
		{
			"name": "Delete gists",
			"id": "9920070a-90ad-d524-40f2-953c68a74e0e",
			"url": "https://api.github.com/gists/d44c4dcde384465f3090e68dd82695a2",
			"totalTime": 0,
			"responseCode": {
				"code": 204,
				"name": "No Content",
				"detail": {
					"name": "No Content",
					"detail": "The server successfully processed the request, but is not returning any content."
				}
			},
			"tests": {
				"Successful DELETE request": true
			},
			"testPassFailCounts": {
				"Successful DELETE request": {
					"pass": 1,
					"fail": 0
				}
			},
			"times": [
				"82"
			],
			"allTests": [
				{
					"Successful DELETE request": true
				}
			],
			"time": "82",
			"totalRequestTime": "82",
			"iterationResults": {}
		},
		{
			"name": "Confirm Delete",
			"id": "f2345ce4-220d-0388-894b-f906a8430a25",
			"url": "https://api.github.com/users/alaquitara/gists",
			"totalTime": 0,
			"responseCode": {
				"code": 200,
				"name": "OK",
				"detail": {
					"name": "OK",
					"detail": "Standard response for successful HTTP requests. The actual response will depend on the request method used. In a GET request, the response will contain an entity corresponding to the requested resource. In a POST request the response will contain an entity describing or containing the result of the action."
				}
			},
			"tests": {
				"gist succesfully deleted": true
			},
			"testPassFailCounts": {
				"gist succesfully deleted": {
					"pass": 1,
					"fail": 0
				}
			},
			"times": [
				"158"
			],
			"allTests": [
				{
					"gist succesfully deleted": true
				}
			],
			"time": "158",
			"totalRequestTime": "158",
			"iterationResults": {}
		},
		{
			"name": "Get gists",
			"id": "229e5de8-23db-7b88-bfdb-bc3a09770475",
			"url": "https://api.github.com/users/alaquitara/gists",
			"totalTime": 0,
			"responseCode": {
				"code": 200,
				"name": "OK",
				"detail": {
					"name": "OK",
					"detail": "Standard response for successful HTTP requests. The actual response will depend on the request method used. In a GET request, the response will contain an entity corresponding to the requested resource. In a POST request the response will contain an entity describing or containing the result of the action."
				}
			},
			"tests": {},
			"testPassFailCounts": {},
			"times": [
				"112"
			],
			"allTests": [
				{}
			],
			"time": "112",
			"totalRequestTime": "112",
			"iterationResults": {}
		},
		{
			"name": "Gist increase",
			"id": "8ce3c2a5-a89e-da71-56ec-93378506e10f",
			"url": "https://api.github.com/gists",
			"totalTime": 0,
			"responseCode": {
				"code": 201,
				"name": "Created",
				"detail": {
					"name": "Created",
					"detail": "The request has been fulfilled and resulted in a new resource being created."
				}
			},
			"tests": {
				"Successful POST request": true
			},
			"testPassFailCounts": {
				"Successful POST request": {
					"pass": 1,
					"fail": 0
				}
			},
			"times": [
				"1056"
			],
			"allTests": [
				{
					"Successful POST request": true
				}
			],
			"time": "1056",
			"totalRequestTime": "1056",
			"iterationResults": {}
		},
		{
			"name": "Calc Gists",
			"id": "26b35dcb-d3be-90cc-33a7-530d584bc207",
			"url": "https://api.github.com/users/alaquitara/gists",
			"totalTime": 0,
			"responseCode": {
				"code": 200,
				"name": "OK",
				"detail": {
					"name": "OK",
					"detail": "Standard response for successful HTTP requests. The actual response will depend on the request method used. In a GET request, the response will contain an entity corresponding to the requested resource. In a POST request the response will contain an entity describing or containing the result of the action."
				}
			},
			"tests": {},
			"testPassFailCounts": {},
			"times": [
				"187"
			],
			"allTests": [
				{}
			],
			"time": "187",
			"totalRequestTime": "187",
			"iterationResults": {}
		},
		{
			"name": "Patch",
			"id": "973c8619-361a-29a0-8f30-f1c8996421ee",
			"url": "https://api.github.com/gists/4bd9d70c4de6f9733ff47a18b66f5e27",
			"totalTime": 0,
			"responseCode": {
				"code": 200,
				"name": "OK",
				"detail": {
					"name": "OK",
					"detail": "Standard response for successful HTTP requests. The actual response will depend on the request method used. In a GET request, the response will contain an entity corresponding to the requested resource. In a POST request the response will contain an entity describing or containing the result of the action."
				}
			},
			"tests": {
				"Successful Patch request": true
			},
			"testPassFailCounts": {
				"Successful Patch request": {
					"pass": 1,
					"fail": 0
				}
			},
			"times": [
				"654"
			],
			"allTests": [
				{
					"Successful Patch request": true
				}
			],
			"time": "654",
			"totalRequestTime": "654",
			"iterationResults": {}
		},
		{
			"name": "Get Patch",
			"id": "f8fce967-0719-ef96-8be5-abc30414c9a5",
			"url": "https://api.github.com/gists/4bd9d70c4de6f9733ff47a18b66f5e27",
			"totalTime": 0,
			"responseCode": {
				"code": 200,
				"name": "OK",
				"detail": {
					"name": "OK",
					"detail": "Standard response for successful HTTP requests. The actual response will depend on the request method used. In a GET request, the response will contain an entity corresponding to the requested resource. In a POST request the response will contain an entity describing or containing the result of the action."
				}
			},
			"tests": {
				"gist matched": true,
				"Status code is 200": true
			},
			"testPassFailCounts": {
				"gist matched": {
					"pass": 1,
					"fail": 0
				},
				"Status code is 200": {
					"pass": 1,
					"fail": 0
				}
			},
			"times": [
				"117"
			],
			"allTests": [
				{
					"gist matched": true,
					"Status code is 200": true
				}
			],
			"time": "117",
			"totalRequestTime": "117",
			"iterationResults": {}
		},
		{
			"name": "Set Star",
			"id": "5e85313f-1da4-d3ac-7ae1-4c60970d7c87",
			"url": "https://api.github.com/gists/4bd9d70c4de6f9733ff47a18b66f5e27/star",
			"totalTime": 0,
			"responseCode": {
				"code": 204,
				"name": "No Content",
				"detail": {
					"name": "No Content",
					"detail": "The server successfully processed the request, but is not returning any content."
				}
			},
			"tests": {
				"Status code is 204": true
			},
			"testPassFailCounts": {
				"Status code is 204": {
					"pass": 1,
					"fail": 0
				}
			},
			"times": [
				"91"
			],
			"allTests": [
				{
					"Status code is 204": true
				}
			],
			"time": "91",
			"totalRequestTime": "91",
			"iterationResults": {}
		},
		{
			"name": "Get Star",
			"id": "da6d296e-32de-481f-7a2e-940036a8ee66",
			"url": "https://api.github.com/gists/4bd9d70c4de6f9733ff47a18b66f5e27/star",
			"totalTime": 0,
			"responseCode": {
				"code": 204,
				"name": "No Content",
				"detail": {
					"name": "No Content",
					"detail": "The server successfully processed the request, but is not returning any content."
				}
			},
			"tests": {
				"Status code is 204.  Gist is indeed starred": true
			},
			"testPassFailCounts": {
				"Status code is 204.  Gist is indeed starred": {
					"pass": 1,
					"fail": 0
				}
			},
			"times": [
				"69"
			],
			"allTests": [
				{
					"Status code is 204.  Gist is indeed starred": true
				}
			],
			"time": "69",
			"totalRequestTime": "69",
			"iterationResults": {}
		},
		{
			"name": "One Star",
			"id": "cd80e404-998d-ad54-6b3b-118d681e2786",
			"url": "https://api.github.com/gists/starred",
			"totalTime": 0,
			"responseCode": {
				"code": 200,
				"name": "OK",
				"detail": {
					"name": "OK",
					"detail": "Standard response for successful HTTP requests. The actual response will depend on the request method used. In a GET request, the response will contain an entity corresponding to the requested resource. In a POST request the response will contain an entity describing or containing the result of the action."
				}
			},
			"tests": {
				"Status code is 200.  Gist is indeed starred": true,
				"One gist is starred": true
			},
			"testPassFailCounts": {
				"Status code is 200.  Gist is indeed starred": {
					"pass": 1,
					"fail": 0
				},
				"One gist is starred": {
					"pass": 1,
					"fail": 0
				}
			},
			"times": [
				"84"
			],
			"allTests": [
				{
					"Status code is 200.  Gist is indeed starred": true,
					"One gist is starred": true
				}
			],
			"time": "84",
			"totalRequestTime": "84",
			"iterationResults": {}
		},
		{
			"name": "Unstar",
			"id": "5d24f2ad-c6f6-2be9-9b56-8743efa64099",
			"url": "https://api.github.com/gists/4bd9d70c4de6f9733ff47a18b66f5e27/star",
			"totalTime": 0,
			"responseCode": {
				"code": 204,
				"name": "No Content",
				"detail": {
					"name": "No Content",
					"detail": "The server successfully processed the request, but is not returning any content."
				}
			},
			"tests": {
				"Status code is 204:  Gist is unstarred": true
			},
			"testPassFailCounts": {
				"Status code is 204:  Gist is unstarred": {
					"pass": 1,
					"fail": 0
				}
			},
			"times": [
				"100"
			],
			"allTests": [
				{
					"Status code is 204:  Gist is unstarred": true
				}
			],
			"time": "100",
			"totalRequestTime": "100",
			"iterationResults": {}
		},
		{
			"name": "Verify post",
			"id": "21d48322-5841-ec39-ed6b-9cb7ec47d336",
			"url": "https://api.github.com/gists",
			"totalTime": 0,
			"responseCode": {
				"code": 201,
				"name": "Created",
				"detail": {
					"name": "Created",
					"detail": "The request has been fulfilled and resulted in a new resource being created."
				}
			},
			"tests": {
				"Successful POST request": true
			},
			"testPassFailCounts": {
				"Successful POST request": {
					"pass": 1,
					"fail": 0
				}
			},
			"times": [
				"1201"
			],
			"allTests": [
				{
					"Successful POST request": true
				}
			],
			"time": "1201",
			"totalRequestTime": "1201",
			"iterationResults": {}
		},
		{
			"name": "post newId",
			"id": "778e7555-6749-b2dd-b833-2abea340f8e3",
			"url": "https://api.github.com/users/alaquitara/gists",
			"totalTime": 0,
			"responseCode": {
				"code": 200,
				"name": "OK",
				"detail": {
					"name": "OK",
					"detail": "Standard response for successful HTTP requests. The actual response will depend on the request method used. In a GET request, the response will contain an entity corresponding to the requested resource. In a POST request the response will contain an entity describing or containing the result of the action."
				}
			},
			"tests": {},
			"testPassFailCounts": {},
			"times": [
				"154"
			],
			"allTests": [
				{}
			],
			"time": "154",
			"totalRequestTime": "154",
			"iterationResults": {}
		},
		{
			"name": "verify post",
			"id": "dcca2b25-5e32-e0ac-70c4-2a5b072a3c17",
			"url": "https://api.github.com/gists/8aa4c512539b84c85c437745524bb3c6",
			"totalTime": 0,
			"responseCode": {
				"code": 200,
				"name": "OK",
				"detail": {
					"name": "OK",
					"detail": "Standard response for successful HTTP requests. The actual response will depend on the request method used. In a GET request, the response will contain an entity corresponding to the requested resource. In a POST request the response will contain an entity describing or containing the result of the action."
				}
			},
			"tests": {
				"gist matched": true,
				"file match": true,
				"Status code is 200": true
			},
			"testPassFailCounts": {
				"gist matched": {
					"pass": 1,
					"fail": 0
				},
				"file match": {
					"pass": 1,
					"fail": 0
				},
				"Status code is 200": {
					"pass": 1,
					"fail": 0
				}
			},
			"times": [
				"86"
			],
			"allTests": [
				{
					"gist matched": true,
					"file match": true,
					"Status code is 200": true
				}
			],
			"time": "86",
			"totalRequestTime": "86",
			"iterationResults": {}
		},
		{
			"name": "Public Gists",
			"id": "7ddb260d-1aee-b610-f7e2-5c191d3dc673",
			"url": "https://api.github.com/gists/public",
			"totalTime": 0,
			"responseCode": {
				"code": 200,
				"name": "OK",
				"detail": {
					"name": "OK",
					"detail": "Standard response for successful HTTP requests. The actual response will depend on the request method used. In a GET request, the response will contain an entity corresponding to the requested resource. In a POST request the response will contain an entity describing or containing the result of the action."
				}
			},
			"tests": {
				"Status code is 200": true,
				"30 gists": true
			},
			"testPassFailCounts": {
				"Status code is 200": {
					"pass": 1,
					"fail": 0
				},
				"30 gists": {
					"pass": 1,
					"fail": 0
				}
			},
			"times": [
				"163"
			],
			"allTests": [
				{
					"Status code is 200": true,
					"30 gists": true
				}
			],
			"time": "163",
			"totalRequestTime": "163",
			"iterationResults": {}
		},
		{
			"name": "Wolfordj public",
			"id": "126911c6-4165-4a59-515d-531f259d0642",
			"url": "https://api.github.com/users/wolfordj/gists",
			"totalTime": 0,
			"responseCode": {
				"code": 200,
				"name": "OK",
				"detail": {
					"name": "OK",
					"detail": "Standard response for successful HTTP requests. The actual response will depend on the request method used. In a GET request, the response will contain an entity corresponding to the requested resource. In a POST request the response will contain an entity describing or containing the result of the action."
				}
			},
			"tests": {
				"Status code is 200": true,
				"at least 1 public gist for wolfordj": true
			},
			"testPassFailCounts": {
				"Status code is 200": {
					"pass": 1,
					"fail": 0
				},
				"at least 1 public gist for wolfordj": {
					"pass": 1,
					"fail": 0
				}
			},
			"times": [
				"87"
			],
			"allTests": [
				{
					"Status code is 200": true,
					"at least 1 public gist for wolfordj": true
				}
			],
			"time": "87",
			"totalRequestTime": "87",
			"iterationResults": {}
		}
	],
	"totalPass": 20,
	"totalFail": 0,
	"totalTime": 6012,
	"lifecycle": "done",
	"requests": [
		{
			"name": "Get Delete gists",
			"id": "3156b690-160a-d69d-cd42-ee50540c4d82",
			"url": "https://api.github.com/users/alaquitara/gists",
			"time": "2017-04-17T01:34:04.143Z",
			"responseCode": {
				"code": 200,
				"name": "OK",
				"detail": {
					"name": "OK",
					"detail": "Standard response for successful HTTP requests. The actual response will depend on the request method used. In a GET request, the response will contain an entity corresponding to the requested resource. In a POST request the response will contain an entity describing or containing the result of the action."
				}
			},
			"testPassFailCounts": {}
		},
		{
			"name": "Create Gist",
			"id": "26f21fbb-7fbf-a2d5-5e81-ee2730d6e336",
			"url": "https://api.github.com/gists",
			"time": "2017-04-17T01:34:04.143Z",
			"responseCode": {
				"code": 201,
				"name": "Created",
				"detail": {
					"name": "Created",
					"detail": "The request has been fulfilled and resulted in a new resource being created."
				}
			},
			"testPassFailCounts": {
				"Successful POST request": {
					"pass": 1,
					"fail": 0
				}
			}
		},
		{
			"name": "Delete newId",
			"id": "20358209-8b98-b227-dacb-03364272d0b0",
			"url": "https://api.github.com/users/alaquitara/gists",
			"time": "2017-04-17T01:34:04.143Z",
			"responseCode": {
				"code": 200,
				"name": "OK",
				"detail": {
					"name": "OK",
					"detail": "Standard response for successful HTTP requests. The actual response will depend on the request method used. In a GET request, the response will contain an entity corresponding to the requested resource. In a POST request the response will contain an entity describing or containing the result of the action."
				}
			},
			"testPassFailCounts": {}
		},
		{
			"name": "Delete gists",
			"id": "9920070a-90ad-d524-40f2-953c68a74e0e",
			"url": "https://api.github.com/gists/d44c4dcde384465f3090e68dd82695a2",
			"time": "2017-04-17T01:34:04.143Z",
			"responseCode": {
				"code": 204,
				"name": "No Content",
				"detail": {
					"name": "No Content",
					"detail": "The server successfully processed the request, but is not returning any content."
				}
			},
			"testPassFailCounts": {
				"Successful DELETE request": {
					"pass": 1,
					"fail": 0
				}
			}
		},
		{
			"name": "Confirm Delete",
			"id": "f2345ce4-220d-0388-894b-f906a8430a25",
			"url": "https://api.github.com/users/alaquitara/gists",
			"time": "2017-04-17T01:34:04.143Z",
			"responseCode": {
				"code": 200,
				"name": "OK",
				"detail": {
					"name": "OK",
					"detail": "Standard response for successful HTTP requests. The actual response will depend on the request method used. In a GET request, the response will contain an entity corresponding to the requested resource. In a POST request the response will contain an entity describing or containing the result of the action."
				}
			},
			"testPassFailCounts": {
				"gist succesfully deleted": {
					"pass": 1,
					"fail": 0
				}
			}
		},
		{
			"name": "Get gists",
			"id": "229e5de8-23db-7b88-bfdb-bc3a09770475",
			"url": "https://api.github.com/users/alaquitara/gists",
			"time": "2017-04-17T01:34:04.143Z",
			"responseCode": {
				"code": 200,
				"name": "OK",
				"detail": {
					"name": "OK",
					"detail": "Standard response for successful HTTP requests. The actual response will depend on the request method used. In a GET request, the response will contain an entity corresponding to the requested resource. In a POST request the response will contain an entity describing or containing the result of the action."
				}
			},
			"testPassFailCounts": {}
		},
		{
			"name": "Gist increase",
			"id": "8ce3c2a5-a89e-da71-56ec-93378506e10f",
			"url": "https://api.github.com/gists",
			"time": "2017-04-17T01:34:04.143Z",
			"responseCode": {
				"code": 201,
				"name": "Created",
				"detail": {
					"name": "Created",
					"detail": "The request has been fulfilled and resulted in a new resource being created."
				}
			},
			"testPassFailCounts": {
				"Successful POST request": {
					"pass": 1,
					"fail": 0
				}
			}
		},
		{
			"name": "Calc Gists",
			"id": "26b35dcb-d3be-90cc-33a7-530d584bc207",
			"url": "https://api.github.com/users/alaquitara/gists",
			"time": "2017-04-17T01:34:04.143Z",
			"responseCode": {
				"code": 200,
				"name": "OK",
				"detail": {
					"name": "OK",
					"detail": "Standard response for successful HTTP requests. The actual response will depend on the request method used. In a GET request, the response will contain an entity corresponding to the requested resource. In a POST request the response will contain an entity describing or containing the result of the action."
				}
			},
			"testPassFailCounts": {}
		},
		{
			"name": "Patch",
			"id": "973c8619-361a-29a0-8f30-f1c8996421ee",
			"url": "https://api.github.com/gists/4bd9d70c4de6f9733ff47a18b66f5e27",
			"time": "2017-04-17T01:34:04.143Z",
			"responseCode": {
				"code": 200,
				"name": "OK",
				"detail": {
					"name": "OK",
					"detail": "Standard response for successful HTTP requests. The actual response will depend on the request method used. In a GET request, the response will contain an entity corresponding to the requested resource. In a POST request the response will contain an entity describing or containing the result of the action."
				}
			},
			"testPassFailCounts": {
				"Successful Patch request": {
					"pass": 1,
					"fail": 0
				}
			}
		},
		{
			"name": "Get Patch",
			"id": "f8fce967-0719-ef96-8be5-abc30414c9a5",
			"url": "https://api.github.com/gists/4bd9d70c4de6f9733ff47a18b66f5e27",
			"time": "2017-04-17T01:34:04.143Z",
			"responseCode": {
				"code": 200,
				"name": "OK",
				"detail": {
					"name": "OK",
					"detail": "Standard response for successful HTTP requests. The actual response will depend on the request method used. In a GET request, the response will contain an entity corresponding to the requested resource. In a POST request the response will contain an entity describing or containing the result of the action."
				}
			},
			"testPassFailCounts": {
				"gist matched": {
					"pass": 1,
					"fail": 0
				},
				"Status code is 200": {
					"pass": 1,
					"fail": 0
				}
			}
		},
		{
			"name": "Set Star",
			"id": "5e85313f-1da4-d3ac-7ae1-4c60970d7c87",
			"url": "https://api.github.com/gists/4bd9d70c4de6f9733ff47a18b66f5e27/star",
			"time": "2017-04-17T01:34:04.143Z",
			"responseCode": {
				"code": 204,
				"name": "No Content",
				"detail": {
					"name": "No Content",
					"detail": "The server successfully processed the request, but is not returning any content."
				}
			},
			"testPassFailCounts": {
				"Status code is 204": {
					"pass": 1,
					"fail": 0
				}
			}
		},
		{
			"name": "Get Star",
			"id": "da6d296e-32de-481f-7a2e-940036a8ee66",
			"url": "https://api.github.com/gists/4bd9d70c4de6f9733ff47a18b66f5e27/star",
			"time": "2017-04-17T01:34:04.143Z",
			"responseCode": {
				"code": 204,
				"name": "No Content",
				"detail": {
					"name": "No Content",
					"detail": "The server successfully processed the request, but is not returning any content."
				}
			},
			"testPassFailCounts": {
				"Status code is 204.  Gist is indeed starred": {
					"pass": 1,
					"fail": 0
				}
			}
		},
		{
			"name": "One Star",
			"id": "cd80e404-998d-ad54-6b3b-118d681e2786",
			"url": "https://api.github.com/gists/starred",
			"time": "2017-04-17T01:34:04.143Z",
			"responseCode": {
				"code": 200,
				"name": "OK",
				"detail": {
					"name": "OK",
					"detail": "Standard response for successful HTTP requests. The actual response will depend on the request method used. In a GET request, the response will contain an entity corresponding to the requested resource. In a POST request the response will contain an entity describing or containing the result of the action."
				}
			},
			"testPassFailCounts": {
				"Status code is 200.  Gist is indeed starred": {
					"pass": 1,
					"fail": 0
				},
				"One gist is starred": {
					"pass": 1,
					"fail": 0
				}
			}
		},
		{
			"name": "Unstar",
			"id": "5d24f2ad-c6f6-2be9-9b56-8743efa64099",
			"url": "https://api.github.com/gists/4bd9d70c4de6f9733ff47a18b66f5e27/star",
			"time": "2017-04-17T01:34:04.143Z",
			"responseCode": {
				"code": 204,
				"name": "No Content",
				"detail": {
					"name": "No Content",
					"detail": "The server successfully processed the request, but is not returning any content."
				}
			},
			"testPassFailCounts": {
				"Status code is 204:  Gist is unstarred": {
					"pass": 1,
					"fail": 0
				}
			}
		},
		{
			"name": "Verify post",
			"id": "21d48322-5841-ec39-ed6b-9cb7ec47d336",
			"url": "https://api.github.com/gists",
			"time": "2017-04-17T01:34:04.143Z",
			"responseCode": {
				"code": 201,
				"name": "Created",
				"detail": {
					"name": "Created",
					"detail": "The request has been fulfilled and resulted in a new resource being created."
				}
			},
			"testPassFailCounts": {
				"Successful POST request": {
					"pass": 1,
					"fail": 0
				}
			}
		},
		{
			"name": "post newId",
			"id": "778e7555-6749-b2dd-b833-2abea340f8e3",
			"url": "https://api.github.com/users/alaquitara/gists",
			"time": "2017-04-17T01:34:04.143Z",
			"responseCode": {
				"code": 200,
				"name": "OK",
				"detail": {
					"name": "OK",
					"detail": "Standard response for successful HTTP requests. The actual response will depend on the request method used. In a GET request, the response will contain an entity corresponding to the requested resource. In a POST request the response will contain an entity describing or containing the result of the action."
				}
			},
			"testPassFailCounts": {}
		},
		{
			"name": "verify post",
			"id": "dcca2b25-5e32-e0ac-70c4-2a5b072a3c17",
			"url": "https://api.github.com/gists/8aa4c512539b84c85c437745524bb3c6",
			"time": "2017-04-17T01:34:04.143Z",
			"responseCode": {
				"code": 200,
				"name": "OK",
				"detail": {
					"name": "OK",
					"detail": "Standard response for successful HTTP requests. The actual response will depend on the request method used. In a GET request, the response will contain an entity corresponding to the requested resource. In a POST request the response will contain an entity describing or containing the result of the action."
				}
			},
			"testPassFailCounts": {
				"gist matched": {
					"pass": 1,
					"fail": 0
				},
				"file match": {
					"pass": 1,
					"fail": 0
				},
				"Status code is 200": {
					"pass": 1,
					"fail": 0
				}
			}
		},
		{
			"name": "Public Gists",
			"id": "7ddb260d-1aee-b610-f7e2-5c191d3dc673",
			"url": "https://api.github.com/gists/public",
			"time": "2017-04-17T01:34:04.143Z",
			"responseCode": {
				"code": 200,
				"name": "OK",
				"detail": {
					"name": "OK",
					"detail": "Standard response for successful HTTP requests. The actual response will depend on the request method used. In a GET request, the response will contain an entity corresponding to the requested resource. In a POST request the response will contain an entity describing or containing the result of the action."
				}
			},
			"testPassFailCounts": {
				"Status code is 200": {
					"pass": 1,
					"fail": 0
				},
				"30 gists": {
					"pass": 1,
					"fail": 0
				}
			}
		},
		{
			"name": "Wolfordj public",
			"id": "126911c6-4165-4a59-515d-531f259d0642",
			"url": "https://api.github.com/users/wolfordj/gists",
			"time": "2017-04-17T01:34:04.143Z",
			"responseCode": {
				"code": 200,
				"name": "OK",
				"detail": {
					"name": "OK",
					"detail": "Standard response for successful HTTP requests. The actual response will depend on the request method used. In a GET request, the response will contain an entity corresponding to the requested resource. In a POST request the response will contain an entity describing or containing the result of the action."
				}
			},
			"testPassFailCounts": {
				"Status code is 200": {
					"pass": 1,
					"fail": 0
				},
				"at least 1 public gist for wolfordj": {
					"pass": 1,
					"fail": 0
				}
			}
		}
	],
	"synced": false
}